{
  "Aarav Sharma": {
    "Math": {
      "internal": 0,
      "assignment": 0,
      "attendance": 0,
      "viva": 0,
      "endTerm": 0,
      "pdfUrl": "/uploads/Aarav Sharma/Math_Report.pdf"
    },
    "Science": {
      "internal": 0,
      "assignment": 0,
      "attendance": 0,
      "viva": 0,
      "endTerm": 0,
      "pdfUrl": ""
    },
    "English": {
      "internal": 0,
      "assignment": 0,
      "attendance": 0,
      "viva": 0,
      "endTerm": 0,
      "pdfUrl": ""
    },
    "History": {
      "internal": 0,
      "assignment": 0,
      "attendance": 0,
      "viva": 0,
      "endTerm": 0,
      "pdfUrl": ""
    },
    "Computer Science": {
      "internal": 0,
      "assignment": 0,
      "attendance": 0,
      "viva": 0,
      "endTerm": 0,
      "pdfUrl": ""
    }
  }
}